{
  "input": "earplug_data.txt",
  "output": "earplug_data_compensated.txt",
  "num_hrirs": 368,
  "sample_rate_hz": 44100.0,
  "nfft": 2048,
  "comp_len": 64,
  "strength": 0.8,
  "smooth_frac_oct": 3.0,
  "max_boost_db": 6.0,
  "max_cut_db": 10.0,
  "low_hz": 120.0,
  "high_hz": 16000.0,
  "peak_before": 0.930664,
  "peak_after": 1.1052118541433633,
  "rms_before": 0.08026361626359467,
  "rms_after_post_gain": 0.08026361626359468,
  "bump25k_left_mean_before": 3.707670527298783,
  "bump25k_left_mean_after": 0.9089159361460272,
  "bump25k_right_mean_before": 4.538309139243322,
  "bump25k_right_mean_after": 1.6876415089056926,
  "bump25k_left_max_before": 7.0864976717543025,
  "bump25k_left_max_after": 4.223883976846377,
  "bump25k_right_max_before": 6.577587546471192,
  "bump25k_right_max_after": 3.739368956193977,
  "diffuse_field_plot": "hrir_norm_v1_diffuse_field.png",
  "elev0_bump_plot": "hrir_norm_v1_elev0_2p5k_bump.png"
}